id,original_language
862,en
15602,en
11862,en
710,en
21032,en
9273,en
8012,en
9598,en
9312,en
10530,en
11525,en
10634,en
755,en
9102,en
10874,en
27793,en
9737,en
414,en
5894,en
8839,en
8068,en
1572,en
13552,en
9073,en
9070,en
1642,en
11980,en
10802,en
10149,en
9348,en
3512,en
50797,ru
76,en
2292,en
8467,en
15789,en
628,en
11,en
63105,en
527,en
18220,en
110,fr
108,fr
109,fr
22586,en
11395,en
9059,en
193,en
3049,en
9331,en
9495,en
888,en
8587,en
11596,en
854,en
36593,en
11011,en
1637,en
8831,en
11667,en
75555,en
8011,en
2758,en
9409,en
306,en
11310,en
24257,en
1634,en
5503,en
2019,en
9255,en
16097,en
329,en
11231,en
5550,en
11236,en
8850,en
78,en
9066,en
771,en
812,en
280,en
268,en
274,en
10020,en
10824,en
25059,en
11827,en
8766,en
19042,en
954,en
8840,en
25087,en
5801,bn
896,bn
8072,fr
20762,en
11687,fr
9323,ja
532,en
10547,en
77771,wo
627,en
602,en
10545,en
9327,en
12606,en
10546,en
9431,en
10061,en
238,en
11134,cn
38955,cn
19004,en
10987,en
62,en
3529,en
10331,en
39448,cn
10680,en
18660,en
35115,en
14821,en
14136,en
10869,en
19186,en
6878,en
15944,en
11224,en
15947,en
10948,en
11229,en
562,en
10163,en
11238,en
88,en
8491,en
402,en
25750,en
11843,en
1103,en
11298,en
4480,fr
4481,fr
531,en
36555,en
11455,en
1891,en
85,en
679,en
429,it
1892,en
348,en
766,en
539,en
525,en
240,en
530,en
9277,en
218,en
829,en
765,en
105,en
8009,en
756,en
11314,en
89,en
8077,en
41671,en
27214,en
52263,en
33519,en
16235,en
11449,en
41848,en
8851,en
229,en
9529,en
7340,en
377,en
794,en
145,da
199,en
9279,en
17204,en
11674,en
1573,en
152,en
174,en
172,en
154,en
157,en
168,en
364,en
11967,en
9086,en
621,en
9037,en
8845,en
578,en
579,en
17692,en
4232,en
34314,en
9404,cn
14908,en
11419,en
10003,en
11844,en
6499,en
9360,en
816,en
49478,en
1811,en
330,en
33660,en
1639,en
415,en
17991,ja
607,en
9387,en
10603,en
20737,en
18519,en
4961,en
1669,en
9437,en
10351,en
3597,en
1281,en
563,en
9823,en
8078,en
42832,fr
9714,en
4233,en
714,en
9922,en
32302,en
9033,en
11568,en
11808,en
617,en
17644,en
27472,en
10216,en
9771,en
37410,en
10674,en
846,en
3050,en
944,en
1051,en
1366,en
10014,en
10072,en
10131,en
10160,en
11284,en
4488,en
9725,en
9728,en
9730,en
9731,en
10225,en
10281,en
10283,en
948,en
11281,en
10676,en
11357,en
11361,en
36599,en
39929,en
41828,en
41769,en
10585,en
11186,en
11187,en
609,en
11133,en
10306,en
9552,en
11586,en
11587,en
941,en
942,en
943,en
927,en
928,en
9342,en
165,en
196,en
551,en
17984,en
22328,en
3170,en
242,en
29228,en
11164,en
12129,en
14140,en
11158,en
9354,en
9325,en
10340,en
10144,en
10414,en
10437,en
12230,en
10693,en
11135,en
11319,en
14822,en
15969,en
15943,en
19762,en
2619,en
97,en
11675,en
87,en
123,en
10823,en
11497,en
2907,en
15171,en
11704,en
4978,en
10380,en
11415,en
37530,en
8393,en
11937,en
21661,en
39930,en
10692,en
805,en
34584,en
34636,en
2182,en
36647,en
431,en
2109,en
9877,en
1091,en
4437,en
11932,en
9945,en
4518,en
3600,en
12223,en
14444,en
1678,ja
39256,ja
1680,ja
244,en
10730,en
31947,en
9749,en
14628,en
9626,en
707,en
9336,en
10157,en
12118,en
10587,en
11825,en
11895,en
9447,en
200,en
1369,en
1368,en
1370,en
10303,en
9326,en
10328,en
11285,en
1367,en
1371,en
1374,en
1375,en
1885,en
8856,en
10495,en
5825,en
6917,en
40729,en
11815,en
9426,en
10344,en
30497,en
16337,en
25018,en
16780,en
9671,en
9396,en
11873,en
8224,en
8913,en
10906,en
25748,en
25749,en
10671,en
27932,en
7227,en
33518,en
2362,en
871,en
1685,en
1705,en
1688,en
1687,en
29723,en
31638,en
9535,en
796,en
7341,en
603,en
564,en
9460,cn
1893,en
15849,en
18990,en
29242,en
29243,en
31498,en
29239,en
1924,en
8536,en
9531,en
11411,en
138,en
30793,en
3103,en
3035,en
3077,en
3074,en
3076,en
3079,en
32023,en
13666,en
29794,en
36685,en
17918,en
817,en
37135,en
2105,en
10239,fr
10208,en
2667,en
9825,en
620,en
2978,en
332,en
147,fr
9710,en
10766,en
10768,en
813,en
2665,en
11418,en
11153,en
11077,en
28597,en
850,en
10366,en
9349,en
11037,en
11955,en
2038,en
28737,en
91893,en
11601,en
11797,en
18086,en
10975,cn
10974,cn
9638,en
10576,en
12662,en
11230,cn
1654,en
658,en
657,en
646,en
5689,en
391,it
772,en
65448,en
65452,fr
29064,en
10496,en
16162,en
15247,en
29251,en
5548,en
5549,en
699,en
709,en
253,en
660,en
11377,en
18111,en
16281,en
16288,en
1694,en
24831,en
37853,en
14035,en
40771,en
40772,en
40773,en
10228,ja
11663,en
9264,en
18222,en
20565,en
36643,en
863,en
32669,en
10402,en
25188,en
15515,en
10137,en
49948,en
10471,en
14919,en
2005,en
6279,en
8872,en
8873,en
9869,en
9367,es
16562,en
4234,en
9605,en
8374,en
25934,en
2787,en
2069,en
10839,en
838,en
11176,en
11899,en
9532,en
13939,en
14373,en
24873,en
26263,en
34746,en
1498,en
1497,en
1499,en
11690,en
11520,en
990,en
11478,en
11356,en
17339,en
26879,en
13665,en
12309,en
106,en
1359,en
10557,en
11977,en
9456,en
889,en
452,da
39283,fr
65460,fr
55667,fr
12476,en
16395,en
5608,de
10560,en
5683,en
14906,en
9285,en
955,en
8584,en
668,en
691,en
698,en
682,en
9600,en
21,en
10911,en
26912,en
26278,en
26953,en
26954,en
26956,en
26957,en
26958,en
26959,pt
26960,en
23069,en
21299,en
38802,en
21137,en
36724,en
938,it
10648,en
10246,en
19698,en
23919,en
26554,en
15239,en
28165,en
28169,en
169,en
10128,en
9659,en
8810,en
9355,en
10068,en
11495,en
482,en
479,en
9873,en
16820,en
15379,en
12764,en
27352,en
17897,en
16094,en
16096,en
11822,de
494,en
493,en
4247,en
36657,en
12599,ja
11940,en
12107,en
9383,en
15158,en
16139,en
16146,en
26515,en
13567,en
20850,en
8843,en
10643,ja
37136,en
37137,en
11398,en
1588,en
12211,en
1698,de
12212,en
16,en
9003,en
9064,en
11569,en
26484,en
39113,en
38126,de
53617,en
10973,en
10787,en
27475,en
27764,en
27767,en
40760,en
40446,en
20455,en
1597,en
21142,en
78140,en
18498,en
28605,en
12207,cn
11531,en
4327,en
681,en
16340,it
10481,en
146,zh
11849,en
708,en
10673,en
11688,en
1493,en
10577,en
15739,en
9816,en
96,en
90,en
19933,en
18935,en
764,en
580,en
1547,en
10019,en
37302,en
843,cn
9740,en
19405,en
43332,en
17965,en
11454,en
14052,en
16889,en
23730,en
10054,en
2043,en
56715,en
10991,ja
634,en
10956,en
9290,en
1734,en
808,en
1406,en
41050,it
966,en
12639,en
10865,en
1995,en
10808,en
9799,en
60670,fr
10992,en
4248,en
26483,en
24382,it
11286,en
11950,en
12236,en
26573,en
20075,en
20197,en
11906,it
2114,en
8835,en
26044,en
30502,en
18509,en
3980,en
10127,en
12702,en
10651,en
5680,en
26386,en
38500,en
12144,en
24929,en
10925,en
13965,en
24266,en
11966,en
2605,en
41428,ja
29095,en
12500,en
25678,en
25682,fr
32049,en
1648,en
53150,en
10134,en
15142,en
25005,en
21721,en
10345,en
10222,en
9494,en
9942,en
331,en
19142,en
41946,en
10135,en
30666,en
25155,en
11342,en
24126,en
8494,en
27813,en
9880,en
5175,en
4484,fr
11684,fr
17169,en
2770,en
8922,en
16314,en
18885,en
40508,en
30379,en
35200,en
9398,en
10866,en
166,fr
13612,en
984,en
141,en
585,en
45964,en
671,en
16085,en
16441,en
34388,hu
37835,en
26398,en
10649,en
27591,en
10650,en
8007,en
161,en
1649,en
120,en
12593,en
14683,en
45491,cn
11595,en
9610,en
150,en
11528,en
16690,en
39939,en
39282,en
993,en
11979,en
25006,en
23479,en
66946,en
19050,en
108266,en
108267,en
15999,ja
13225,en
7219,it
26200,en
38147,en
24032,en
425,en
1576,en
17804,en
31805,en
13861,en
29021,en
31812,en
28213,fr
12705,en
11006,en
15120,en
16026,sv
36586,en
11452,en
11590,en
8346,en
307,it
15482,en
45878,en
12154,en
11630,en
9334,en
11470,en
5203,en
557,en
12227,en
43643,en
1894,en
15417,en
4614,en
2501,en
9637,en
14774,en
11544,en
11982,en
21972,en
608,en
11442,en
10996,en
818,en
24130,en
36645,en
23728,en
9488,en
7451,en
34070,sv
9266,en
15070,en
11243,en
19975,en
9595,en
24038,en
3127,en
10859,en
10611,en
4108,en
18943,en
32685,en
18477,en
12262,en
9533,en
10575,en
1682,ja
39462,ja
18983,en
24348,en
82545,en
34600,en
39128,en
11868,en
10772,it
77079,it
12600,ja
565,en
21925,en
10285,en
11009,en
10805,en
225,pl
17205,en
15900,en
12237,en
15901,en
15902,en
15904,en
97251,en
22435,sv
2264,de
39874,en
31646,en
9012,en
12208,en
9021,en
10167,en
672,en
29229,en
12716,fr
12717,fr
13888,en
9538,en
27997,en
36669,en
10426,en
20992,ru
6007,en
25239,en
14433,en
9932,en
22257,pl
35343,sv
171,fr
11564,en
20787,tr
201,en
121,en
11317,en
4032,en
31804,en
16225,en
23626,en
9358,en
15802,ja
11915,fr
29224,sv
2262,de
24830,en
9699,en
23943,en
6038,en
14873,en
12139,en
24883,en
17264,en
10929,en
15347,en
2671,ja
9669,ja
42695,sv
18992,en
29912,en
7294,fi
2662,en
36658,en
10708,en
17464,en
15259,en
42792,en
604,en
1555,fr
33875,cs
310,en
12,en
9902,en
584,en
5921,en
14676,en
10152,en
20694,en
35669,en
170,en
9471,en
10327,en
296,en
22,en
8961,en
9486,en
24259,en
1996,en
12279,en
21882,en
24993,en
4984,en
8273,en
9257,en
33954,it
6466,en
10923,en
9362,en
936,en
12268,en
7504,hi
513,en
11351,en
2722,es
11547,en
1428,en
10617,el
10618,cn
10619,cn
8408,en
277,en
17614,he
18113,en
11475,en
11806,en
10438,en
9871,en
33258,en
11059,en
24,en
9373,en
4256,en
10009,en
10389,cn
3117,en
897,bn
224,pl
27117,en
50553,en
44383,en
605,en
11846,en
10147,en
9556,en
9065,de
38939,en
860,en
8010,en
951,en
3176,ja
11824,en
1594,en
11811,en
9063,en
255,fr
10028,en
122,en
11007,en
11429,fr
5205,en
21779,en
1954,en
14114,en
21301,en
44539,en
18841,en
30566,en
42466,en
44674,fr
9838,en
10677,en
17047,en
11024,en
553,da
1487,en
11137,en
11358,en
2122,en
923,en
34082,en
393,en
10625,en
7131,en
22137,da
10035,en
20561,en
667,en
700,en
36670,en
10940,en
9356,en
16113,en
25508,en
12310,en
39907,th
9545,en
10916,en
10921,en
10941,en
14589,en
14594,en
14590,en
14588,en
14595,en
1583,de
17653,cn
11069,en
10829,en
31952,en
54396,en
40810,ja
40812,ja
3075,en
43096,en
11506,sv
29455,sv
11602,sv
42632,en
10775,cn
15618,en
13282,en
26268,en
250,da
19086,en
15824,da
11315,ja
5165,it
19128,de
33560,en
15371,ja
27601,en
17346,en
809,en
673,en
2789,en
8920,en
11546,en
17481,en
27118,en
9372,en
44695,en
31217,ja
38582,ja
9542,en
24236,en
10606,en
6081,en
2330,fr
2334,fr
2202,en
558,en
80,en
8699,en
11247,en
36627,pl
2502,en
12625,en
43417,en
20408,en
18706,en
34327,en
20417,en
35780,en
25361,en
25536,cn
11282,en
11130,en
395,en
10762,en
11026,en
36912,en
44415,en
11237,en
13559,en
24924,en
17994,en
1577,en
26230,en
27816,en
27815,en
29445,da
28153,en
1970,en
176,en
9806,en
11249,en
9801,en
2059,en
11836,en
163,en
36648,en
33740,en
74719,en
77448,en
28421,en
27503,en
43149,en
27970,en
23101,en
23336,en
28436,en
9797,ru
31980,en
4558,fr
43388,en
30801,en
11402,en
31372,ja
31374,ja
31378,ja
34528,ja
34530,ja
21135,it
17102,en
11047,fr
9929,fr
29778,en
29748,en
70327,ja
9394,it
34479,en
40732,sv
18250,en
33020,en
12089,fr
41471,ja
17810,ja
9474,it
25473,en
24402,fr
16246,en
28994,en
19174,en
9385,fr
28209,fr
10711,en
43430,ru
47313,ja
5725,en
38783,en
10640,en
5651,en
16378,en
1362,en
33701,fr
14087,ja
1884,en
27414,en
17663,en
8868,fr
29903,en
14029,fr
10372,en
67342,cn
9056,cn
9318,fr
10570,fr
11471,cn
22572,en
49964,fa
30421,cn
18305,cn
14571,ja
20562,en
18311,cn
1483,en
34376,en
29904,en
83761,fa
34683,sv
47350,en
25684,en
18817,cn
16437,en
17811,en
12088,en
30366,en
35610,en
12664,en
32764,de
26877,cn
18998,en
11067,en
35977,en
26830,ja
12613,ja
37563,fr
27318,en
16003,sv
8214,fi
2061,da
74097,en
36702,en
17629,sv
9732,en
10213,en
12095,en
1283,es
22140,da
344,de
15805,en
11508,en
2487,ja
12485,en
17074,en
18491,ja
39927,en
21348,fr
9011,en
2332,fr
20882,ru
5458,en
10482,en
28031,en
15653,en
844,zh
23985,en
2463,cn
16874,en
71138,ja
39872,ja
16234,en
10706,en
17208,en
10751,da
2899,fr
36243,ja
10726,en
13899,ja
437,en
11178,ko
100973,sv
21707,ko
36222,ja
13984,en
4689,ko
18248,en
21041,sv
11430,en
23986,en
4326,de
32250,ja
44203,ja
10891,en
12540,en
60672,fr
14245,en
3177,ja
10855,cn
12140,ja
12496,ja
17457,cn
10361,fr
41070,no
11838,ja
670,ko
12583,en
9694,ja
22537,ja
10304,en
9666,ja
9316,th
11647,zh
10105,en
83,en
14310,zh
10320,en
3396,en
62276,ru
5889,ja
5460,en
8357,en
24674,cn
12597,en
693,en
11804,en
18627,en
34326,ja
23832,it
11633,ja
12127,sv
11626,sv
42390,en
27549,en
26581,en
11637,en
12142,en
8968,en
661,de
561,en
10214,en
3040,ru
44875,en
12721,en
27042,en
2926,en
258,fr
8016,it
37601,es
4551,en
3115,ja
6593,ja
38148,en
438,en
37988,fi
10040,en
38155,cn
19545,ja
187,en
47406,it
9674,ja
16250,en
10065,en
13409,en
11679,en
24444,ja
46594,ru
9463,ja
1895,en
28423,en
953,en
12700,en
9779,en
18289,ja
272,en
15767,ja
11451,en
11683,en
42488,sv
20914,it
39464,ja
4889,en
9738,en
1826,fr
1696,en
40254,ko
6519,en
11453,en
11328,da
22965,en
9564,fr
9335,en
17386,en
10753,cn
11636,cn
7553,en
8923,en
647,ja
11968,en
533,en
32237,ko
9763,en
15493,fi
38828,en
1656,en
215,en
10915,it
8274,en
26845,en
18994,en
1951,da
259,fr
25,en
23220,en
9885,en
9392,en
674,en
7010,en
3124,en
411,en
14695,en
43118,ru
21040,sv
36775,en
9641,en
9568,en
6935,en
20641,en
4550,ko
10045,fr
168705,en
1690,en
10982,en
834,en
39345,en
21519,cn
39788,en
24580,en
11246,en
52728,ja
7295,en
7509,en
36768,fi
11183,fr
11565,en
11283,en
16452,en
9286,en
12096,en
33061,en
9975,en
10053,en
9682,en
18747,cn
14609,en
950,en
15590,en
18009,en
19286,en
19287,en
18011,en
1379,fi
9792,en
11573,en
46828,en
10292,en
3093,en
4257,en
588,en
8982,th
956,en
31506,de
42512,de
34019,ja
591,en
36668,en
920,en
58,en
2295,en
10007,en
8997,en
10947,en
27320,en
9615,en
9513,en
10770,it
1452,en
36576,en
33005,en
32740,hi
54111,ko
1593,en
1948,en
9762,en
15049,fr
58311,cn
18672,cn
32761,de
5721,en
12094,en
15997,en
7484,en
10781,en
1975,en
8975,en
10070,en
3683,en
5890,ja
214,en
43071,fr
14620,en
13767,en
36557,en
9836,en
15152,fr
14457,en
10032,en
22440,en
17604,en
15077,en
1246,en
12795,en
14277,en
33583,it
1251,en
5393,en
1931,en
9992,en
8275,en
11578,fr
11972,it
36878,fr
36877,fr
13365,en
51863,en
50754,en
7516,en
9966,en
1248,en
14761,en
9965,en
13127,zh
9958,en
1250,en
13185,en
26655,en
11841,cn
83980,en
11945,sv
5691,it
10845,en
15582,en
11330,da
10942,en
7006,en
8965,en
14624,en
1271,en
9793,en
20527,ja
10172,en
10294,en
1987,de
1268,en
14636,en
559,en
20553,en
14240,en
2269,ru
11798,en
1562,en
810,en
285,en
14208,en
14207,en
24200,en
298,en
39465,ja
12561,ja
36679,ja
1691,en
22049,en
9408,en
1979,en
1991,en
11211,en
9815,en
12695,en
1571,en
2698,en
1858,en
675,en
13491,sv
2503,en
34588,pt
2701,en
17350,fr
5174,en
14144,en
2082,en
1845,en
45211,it
2335,fr
1992,en
14348,en
7737,en
4517,en
4520,en
4513,en
17202,en
663,en
48301,zh
7347,pt
18442,en
5817,sv
13363,en
16768,en
1620,en
6477,en
7249,en
13186,en
13348,en
20567,ja
15495,en
6637,en
440,en
6076,de
69315,en
8329,es
2312,en
11908,en
6933,en
7555,en
9030,en
11253,en
13054,en
8328,en
13025,en
13016,en
10797,da
28260,en
155,en
18070,en
8456,en
19333,ja
36223,ja
10488,en
1266,en
13335,en
9017,en
38661,en
40044,en
40214,en
40045,en
8617,en
1726,en
8681,en
13001,en
8277,en
2454,en
217,en
4564,en
9502,en
3687,en
8909,en
23676,en
10748,en
12889,en
13205,en
8359,en
13675,en
11631,en
9010,de
88751,en
15840,da
15830,da
16007,ja
11802,en
12914,en
14154,en
8836,en
10898,en
13541,en
11910,en
1735,en
12289,zh
10188,en
13649,en
10483,en
13515,en
13564,en
15206,it
43177,en
16456,en
12683,en
3097,en
11874,it
71206,it
32620,en
25741,en
13812,en
13489,en
41474,ja
41477,ja
16068,en
15289,en
11887,en
13253,en
10527,en
36073,ja
10764,en
14943,ja
13655,en
11917,en
12525,en
14405,en
17099,ja
36571,en
36572,en
32862,en
8966,en
13387,en
15026,en
14447,en
28148,en
8881,en
8880,en
11127,en
3054,en
9050,cn
86082,he
79090,en
112912,en
36573,en
159849,en
34812,en
16268,en
13180,en
14306,en
31047,en
25528,en
13690,en
14756,cn
35945,en
86084,en
26235,en
13635,fr
14435,en
12437,en
162865,en
18543,en
21029,en
15227,en
14560,en
1977,en
36764,fi
15060,en
14711,en
5677,en
15105,en
15268,en
13207,en
14853,en
15159,en
42818,fr
43873,fr
43146,fr
18781,en
80314,ja
16353,th
15472,sv
30155,en
31273,pl
16258,en
9841,en
31132,pl
13804,en
35022,ja
45965,ja
45882,fa
15092,en
38872,en
2080,en
13475,en
38464,en
11160,it
15384,zh
17124,en
17532,en
13448,en
534,en
18360,en
8211,pl
8429,it
21832,ja
14003,ja
15588,fr
28677,en
18785,en
37024,ja
34300,en
58018,pl
14451,no
18061,en
27085,en
19508,en
75015,pl
8373,en
8355,en
37021,ja
47104,fa
18901,no
14728,en
16911,ru
767,en
10353,fr
9592,en
23964,en
53868,en
21407,en
14869,en
17134,en
50719,en
17285,no
15137,ja
37047,ja
13797,en
677,de
685,de
92011,en
18759,en
15641,en
26914,en
35203,en
24150,en
5060,en
15809,en
18120,es
17618,en
19912,en
22794,en
17455,en
12699,en
23827,en
44685,ja
71041,de
22804,en
22821,en
32834,en
70555,de
85715,uk
105077,en
18239,en
1284,es
25716,ja
15400,en
23951,en
37190,en
129417,ru
19995,en
10528,en
13988,en
23398,en
26123,en
148536,ru
33613,sv
20551,en
26961,en
81895,en
21521,cn
25602,en
2395,fr
17911,en
13382,en
13358,en
15255,en
51429,ja
13522,sv
33395,en
42137,ja
40724,en
24253,sv
15324,en
32657,en
27561,en
15357,fr
18489,en
23023,en
10664,es
28739,en
12155,en
20618,en
16763,en
59719,ja
29426,en
31723,en
5753,en
32688,it
42342,en
23048,en
10191,en
22582,en
28510,en
33421,en
21467,de
109572,ja
10469,de
18823,en
23483,en
16686,no
15973,no
13417,en
22488,en
15323,en
33217,en
20478,en
17960,fr
129689,ja
33501,en
36325,en
21036,ja
37169,en
42476,en
64651,en
23104,en
64576,ja
10138,en
4180,fr
125271,ja
23437,en
37565,en
261538,ja
253232,en
26962,en
30913,pt
37786,en
10241,fr
38318,ru
13058,en
34480,en
10193,en
48636,de
41142,en
10192,en
38780,en
51138,en
40819,en
24021,en
208478,en
39129,en
34851,en
20352,en
38365,en
16304,en
35019,en
31203,fr
37472,cn
45322,en
28426,en
27578,en
43593,en
16346,en
42194,en
31443,en
28609,ja
38358,en
14158,en
40663,en
23631,en
41233,en
206145,en
40264,en
28938,de
35791,en
45162,en
33909,en
39691,en
41486,ja
41482,ja
59581,en
43933,en
46812,en
14088,ja
16290,en
39312,en
42941,en
39514,en
11389,da
4729,fr
41436,en
38234,en
11391,da
41439,en
49953,en
61755,it
79591,ru
48466,en
114444,en
12444,en
38757,en
44687,en
110115,en
26769,en
14463,en
24837,en
10140,en
28155,en
48395,fi
43919,en
50241,en
20526,en
49684,en
54178,zh
40649,en
15740,en
13246,en
39451,en
1361,en
48748,da
42323,hi
54430,en
23508,pt
30914,pt
56402,it
43209,th
45284,ja
29670,fi
31654,en
46787,en
63578,en
22843,ja
43947,en
60213,it
54293,en
117258,en
12536,en
46441,en
92332,en
20993,ru
58764,fi
27582,en
60290,fr
60221,fr
9706,ja
22620,en
53358,en
47533,en
47931,pt
15362,fr
38322,en
103751,fi
45715,en
11406,de
16140,ja
49018,en
20329,ja
13190,en
60307,en
10408,nl
83651,tr
31408,tr
31402,tr
46523,nl
29920,sv
23521,en
41446,en
46195,en
10195,en
56780,en
48415,it
42709,en
9511,de
51497,en
32654,cn
46849,en
39410,ja
1679,ja
1865,en
45243,en
23116,en
3107,ja
42506,ko
51170,en
76171,en
49444,en
49538,en
50507,en
55763,fi
15766,ja
55761,fi
56272,en
13378,en
35688,en
38356,en
18928,it
55754,fi
61546,en
148314,fi
55756,fi
55759,fi
73884,zh
51540,en
49013,en
45690,sv
96105,en
68029,hi
71982,en
16900,en
12445,en
1771,en
59115,en
58897,tr
59566,en
54540,en
28039,zh
13931,en
41513,en
67636,en
51765,en
12819,en
141055,en
45839,en
51620,en
63943,en
61791,en
56832,ja
55779,en
55465,en
38774,en
29484,en
62385,ja
56288,en
58151,en
21786,no
52015,en
20441,en
40016,en
73358,en
69798,en
72914,en
36236,it
76684,hi
38543,en
24428,en
60935,en
75969,de
10005,en
52297,en
85766,en
72571,en
3966,en
58233,en
56122,en
27769,en
94336,de
80607,en
64328,en
50619,en
70590,hi
15157,en
74135,ja
25834,en
28118,en
11625,fr
9369,fr
9642,fr
65759,en
76163,en
13396,en
46020,en
70160,en
49026,en
49040,en
58574,en
42450,en
30245,en
56292,en
55301,en
24833,en
74523,en
62837,en
57353,en
52520,en
74997,en
71670,en
93164,bn
58704,ja
57809,ru
85317,ru
50698,en
48492,zh
65086,en
72545,en
53174,de
29564,en
74471,en
71676,en
52454,en
71672,en
77076,it
18705,en
38674,en
74387,en
64688,en
79221,pl
35435,ja
44734,ja
57165,en
26881,en
10679,en
71552,en
94329,id
28912,it
36228,en
85052,hi
74534,en
86416,en
61410,en
67660,en
15135,en
13486,en
84177,en
61979,en
73517,ja
14400,fr
41154,en
58595,en
27646,en
70981,en
111440,en
61125,fi
85435,en
80321,en
65421,en
43337,en
39144,ja
39145,ja
22855,en
55215,en
116776,ja
39100,ja
13313,en
39101,ja
13761,en
72105,en
77930,en
39103,ja
24752,ja
39104,ja
34433,ja
1930,en
39105,ja
23823,en
57800,en
25913,en
59706,en
84165,en
44251,ja
39106,ja
39107,ja
14863,en
56909,it
39108,ja
39323,ja
34125,en
16130,fr
80410,en
39324,ja
68143,en
18443,en
13676,en
37724,en
20106,fr
36996,en
82650,en
14128,en
71668,en
83660,en
114150,en
85341,en
26505,en
15895,en
28218,en
71679,en
85339,en
20069,it
55723,en
84348,en
82675,en
17165,ja
10089,en
77269,en
82507,en
76492,en
16387,en
33390,en
33391,en
40709,ru
134371,en
40075,it
72391,en
105210,ja
57089,en
80280,es
117691,hi
99770,fr
116167,en
82990,en
121823,zh
94348,en
61012,en
149763,de
164753,en
82690,en
1997-08-20,104.0
74545,en
97430,en
35683,en
32694,en
19139,en
65851,en
78049,en
12594,en
123025,en
50620,en
85446,en
70584,en
19274,cn
13679,fr
94380,en
49522,en
125504,en
18741,cn
93289,fr
25539,cn
10044,cn
18707,cn
10275,cn
37030,en
37032,zh
49051,en
10620,cn
117629,he
37653,en
19099,fr
28733,en
75780,en
42532,en
64876,ja
94352,en
139455,en
28751,en
55952,en
57597,en
95511,en
44244,en
41592,en
134597,en
127533,ja
33303,en
34905,en
100450,en
31022,es
76617,en
147405,hi
139038,en
142061,en
115223,ja
88557,ja
31046,en
30347,en
26114,en
43263,en
59238,en
110148,en
100183,en
97353,en
26005,cn
24925,en
156717,en
44450,fr
19336,ja
33301,en
50076,en
150202,en
13648,ja
87436,en
36244,ja
133121,en
98567,cn
53031,en
47964,en
56991,sv
122857,en
132344,en
114478,en
36096,en
170657,zh
28090,en
56508,fr
146203,en
72559,en
9834,en
49519,en
26883,en
31131,en
117263,en
17501,hi
18843,en
28067,es
127544,ja
25516,hi
4258,en
80384,en
76589,en
68721,en
38453,en
32100,en
66209,en
26693,ja
36917,ja
56763,en
149961,zh
11119,en
54138,en
42601,ja
458,de
109439,en
82992,en
197467,en
197481,en
100493,en
75656,en
56500,sv
49521,en
158015,en
52034,en
105965,en
62211,en
80518,ja
68726,en
177271,en
72190,en
41586,en
59584,en
199687,hi
93456,en
44909,en
30654,en
82447,sv
24935,en
159117,en
24939,en
45875,en
205321,en
24646,sv
149085,zh
183011,en
138843,en
51481,en
174322,en
76170,en
146216,en
19593,en
47404,en
19154,en
102234,fi
76285,en
77931,en
23535,en
201676,en
30143,ja
147276,en
21683,en
39027,en
50346,en
61954,en
138832,en
109418,en
59859,en
87421,en
151960,en
54266,ja
59589,en
24631,de
15440,no
56937,nb
21708,ko
24789,en
52017,en
52021,en
54768,en
52022,en
27712,en
61716,en
134756,en
27651,en
207768,en
91586,en
195757,en
129734,de
220714,hi
81996,en
24331,en
33305,en
167032,en
1803,en
109451,en
51985,en
119893,en
106747,en
38273,en
64078,en
64076,en
18167,en
39468,ja
39264,ja
29941,en
36214,ja
39466,ja
64077,en
36212,ja
36247,ja
208134,en
19658,en
76338,en
39469,ja
12636,ja
146304,en
41498,ja
176983,ja
13293,en
101299,en
57158,en
204435,hi
109445,en
31297,ja
21930,ja
16692,ja
16693,ja
134366,en
75629,ja
214597,en
22899,ja
16985,en
18510,ja
18511,ja
107916,es
54283,ja
43967,ja
18624,ja
40897,ja
54265,ja
54272,ja
54274,ja
54273,ja
20986,ja
23452,ja
18269,en
209232,de
54275,ja
21410,ja
54276,ja
109443,en
40342,it
180894,en
21138,en
74626,sv
11039,it
233063,de
229974,ru
54277,ja
17478,hi
252385,en
195269,en
58061,it
84152,en
227348,en
13632,en
126963,ja
39102,ja
206408,fr
39148,ja
38189,en
113594,en
168530,en
137094,en
157350,en
21072,sv
217993,en
34131,ja
92647,sv
236399,en
21435,fr
177888,en
54278,ja
54279,ja
26947,ja
14028,en
137106,en
97020,en
58427,en
249397,da
118513,sv
20756,en
120143,zh
41109,hi
141614,en
246320,fr
67793,cn
60160,ja
14872,en
21474,en
48707,ja
19325,en
21379,en
18224,en
24756,en
22259,en
201414,ja
53182,en
204349,en
196024,da
241968,es
58767,en
228202,pt
203217,pt
236737,es
160162,en
192577,ja
42552,en
100402,en
227783,en
204668,fr
12685,en
17456,en
31329,fr
125395,fr
145220,en
38626,en
180299,id
40740,en
102382,en
251519,en
47628,en
249660,en
172385,en
167575,en
184345,en
12242,en
159403,en
22701,en
137475,en
51848,en
236417,en
195589,en
227425,en
258096,en
16931,en
38281,en
195522,es
54281,ja
127585,en
215407,ar
54280,ja
54284,ja
54306,ja
54307,ja
113154,en
260202,en
260339,en
5157,en
177677,en
255268,en
128841,en
82881,en
187017,en
82702,en
26480,zh
133558,en
184098,en
91314,en
218836,en
119450,en
259233,ja
30146,ja
238636,en
118340,en
138103,en
150897,de
56329,cn
47401,en
26566,fr
242088,en
57331,fr
243683,en
284711,en
98566,en
59701,en
198436,da
314285,da
269650,ja
22937,en
292893,en
242022,en
22555,en
189,en
38467,en
273621,en
38462,en
199933,en
287590,ja
32109,en
29328,en
198663,en
248504,en
2195,de
257451,en
157424,en
250546,en
8445,sv
38455,en
33386,en
1285,es
25148,en
28044,en
38084,en
81246,en
273641,en
54113,en
43398,en
245891,en
157829,en
256,fr
16049,da
33387,en
38457,en
33388,en
33389,en
33392,en
28302,en
38458,en
33393,en
33394,en
38461,en
38463,en
38454,en
36323,da
267333,en
267336,en
39262,en
39263,en
242512,en
46314,da
54445,en
3937,en
217923,zh
22599,en
413669,en
38456,en
33708,en
21250,en
41244,cn
27310,en
151933,en
260063,en
19164,en
19165,en
17337,en
31473,en
27653,en
171581,en
103686,de
25754,en
25752,en
25751,en
70575,en
25753,en
12076,no
51649,en
199534,en
75258,en
25475,en
61856,en
105528,en
290729,en
25391,en
64160,en
64161,en
255476,en
38470,en
40661,en
79723,nl
28668,en
38471,en
241842,no
64075,en
38460,en
40644,ja
18122,ru
82450,sv
98344,zh
291155,en
262551,fr
38125,en
30972,en
131631,en
58433,en
9742,de
21811,en
100042,en
284246,en
38459,en
17808,zh
227735,en
192558,hi
193726,en
17780,hu
36683,ja
18232,zh
267806,en
241868,ja
119892,zh
66129,fr
33838,en
24047,en
77348,en
81244,en
50291,en
135397,en
170522,fr
41608,it
227159,en
50571,zh
68340,en
68337,en
68242,en
19273,en
27996,en
10473,en
66018,cn
270946,en
294254,en
68339,en
139380,en
303742,en
2139,en
134375,en
110552,th
17792,en
74035,en
99361,de
74018,en
15261,en
285423,en
289728,en
122917,en
18450,fr
63260,it
56431,it
29293,en
118751,ja
47491,en
61925,it
52914,it
50758,it
52913,it
52238,it
62715,it
62725,it
46001,en
52113,it
53342,it
207703,en
181533,en
277368,fr
32113,en
21240,en
11612,it
37529,en
41897,it
201018,fr
18948,en
48805,it
75136,en
75137,en
75138,en
69787,en
70984,en
16460,en
26728,en
31609,en
42012,fr
260346,en
315360,sv
87101,en
288158,en
24023,en
24026,en
11752,de
59040,it
267872,en
38187,en
30091,en
38183,en
38190,en
51939,en
38185,en
132601,en
14749,en
208763,ru
65703,fr
13654,en
19824,en
101660,en
13360,en
15434,en
85373,en
125509,en
140161,en
18015,fr
9817,en
19066,en
52916,it
28635,en
19288,en
18616,en
27770,en
37526,en
3483,en
19254,en
19300,en
26190,en
23338,en
38157,en
42185,fr
48193,it
104606,zh
30178,en
29812,fr
50687,en
185110,ja
149957,en
133716,en
220504,en
55872,en
14059,en
42187,fr
3686,de
315362,sv
90956,en
90955,en
30554,en
84575,en
27771,en
24102,en
7085,de
49597,fr
25556,en
15066,en
71461,en
34734,en
113210,en
25587,en
38269,en
39829,en
24554,en
259074,en
37404,en
36421,en
18920,sv
51438,en
21518,en
9973,en
48844,en
70587,en
78047,en
142308,en
149910,en
26042,en
113215,en
113209,en
47884,en
47882,en
47883,en
58664,en
27376,en
60173,en
107096,en
39044,en
45662,en
59117,es
254869,es
109689,es
76341,en
280092,en
140607,en
99861,en
76600,en
166426,en
141052,en
102899,en
293660,en
284053,en
283995,en
271110,en
246655,en
214264,en
118439,en
33733,en
58757,de
2648,cn
72032,it
16652,en
215405,en
75826,en
258251,en
24556,en
41235,en
75822,en
172386,en
31933,en
54782,en
70811,en
14387,en
252360,en
75834,en
72094,en
79466,en
113582,en
15759,en
38468,en
193603,en
55603,en
87881,en
90460,en
90461,en
90465,en
48132,en
38465,en
42354,en
164372,ru
91198,en
39961,en
17128,ja
149793,en
141063,en
91548,en
43205,en
45099,it
128854,en
297556,en
207475,en
26497,de
44789,en
61852,fr
40252,fr
13017,en
38469,en
113219,en
17129,ja
15898,en
188357,en
55762,en
139367,en
71200,en
61855,en
38472,en
72455,en
14053,en
233487,en
309049,en
48635,es
283536,en
216015,en
15718,en
27850,en
34205,en
34560,en
159704,it
13734,fr
82237,en
63348,en
89247,en
121828,ja
30149,sv
27599,sv
27600,sv
25251,fr
9948,en
199661,fr
43716,en
1871,fr
1870,fr
1875,fr
50401,en
3485,en
49183,en
110390,sv
123867,ja
185341,es
278468,en
83122,it
56511,fr
56516,fr
56512,fr
56515,fr
25164,en
44191,en
104413,en
64650,it
83140,it
83136,it
83124,it
67952,en
24476,en
24477,fr
13955,fr
295887,en
78080,en
30577,en
270045,sv
36769,fi
133459,sv
106622,it
106623,it
69569,it
22974,en
81684,en
19181,sv
17172,sv
37727,sv
22192,sv
37728,sv
23654,sv
37731,sv
37730,sv
54257,sv
57548,sv
46971,en
300803,en
47631,en
303457,pa
31534,tr
7392,en
11425,en
52868,en
70322,ja
15567,en
243938,en
28656,de
73551,en
25745,en
221791,en
228165,en
17041,en
85349,ja
268238,en
28801,en
13643,en
31292,en
132759,ru
196750,ja
322456,en
78124,de
287233,en
73530,ja
265712,ja
294690,en
326359,en
31341,en
5065,en
43018,en
77787,en
31347,ja
175774,de
262500,en
39385,fr
118412,ja
113082,ja
144288,ja
20377,en
69619,en
275060,en
276401,en
168259,en
140441,ja
23155,ja
75848,en
26340,en
112058,en
10580,he
23504,en
120386,en
40040,fr
267793,en
78402,en
13015,en
52980,ja
52874,ja
64912,ja
52979,ja
80527,en
1269,de
51450,fr
81086,de
16119,en
204712,de
11179,de
33719,en
50166,fr
5833,en
1615,de
1616,de
11084,nl
24696,en
9497,de
9337,de
9514,de
9496,de
10036,de
9572,de
293771,en
35428,ru
9478,de
10470,de
10010,en
9565,de
15674,en
52827,en
221732,ja
221731,ja
293572,en
61117,en
52736,en
58219,it
321528,en
9803,de
36696,ru
58242,en
256961,en
274415,de
20036,en
28855,en
214464,en
14572,ja
260310,ru
290865,ko
12697,de
329540,en
290043,de
21461,en
315367,sv
28904,en
73529,ja
2012-09-29,68.0
297270,en
175112,en
36897,en
327418,en
321494,en
39412,fr
40978,fr
146047,en
61108,fr
40348,it
39965,it
28682,it
28324,it
28325,it
28574,it
259072,en
30997,en
13284,en
34134,en
91342,en
196254,en
16962,en
13285,en
18198,en
249070,en
21671,en
44683,en
314407,en
254470,en
101652,it
34312,en
145221,en
21614,hi
28746,en
65497,fr
94365,en
5061,en
5056,en
26181,en
294544,en
25936,ru
20963,ru
20359,en
14394,en
20968,hi
13179,en
43646,it
43648,it
43649,it
161545,it
146045,et
46809,en
146030,en
199374,de
9288,en
26357,en
58333,hi
219572,cn
39060,id
58404,it
55960,it
131634,en
272878,en
262504,en
259316,en
38700,en
289239,en
24020,en
62527,en
28601,en
34766,en
29742,en
34765,en
63178,it
80374,it
51912,en
56920,it
58701,it
11048,it
11053,it
11055,it
328111,en
18839,ja
321068,en
47933,en
188927,en
30780,en
19951,hi
15724,cn
196032,sv
338100,en
46513,en
5064,en
19670,hi
75744,hi
44977,hi
38594,ja
14194,en
70006,en
214756,en
16318,ko
211672,en
264085,hi
19792,en
36896,en
21316,en
10578,en
27847,en
14503,en
14212,en
35626,en
15338,en
10704,en
15262,en
36692,en
206647,en
36779,en
17922,ja
58188,it
10579,en
64325,en
75623,en
14913,en
138372,en
60038,it
33274,en
331446,en
297291,en
34509,en
34513,en
14092,ja
16774,en
51786,en
23289,da
26809,en
42979,en
60293,en
335753,en
204912,en
36218,ja
5086,en
139659,en
16846,fr
110588,en
231082,en
182873,en
296099,en
227679,ja
39057,ja
25961,ja
34067,ja
226140,en
228358,en
309063,en
105680,cn
309887,en
33723,cn
209112,en
286548,en
118406,ja
41993,cn
24686,en
343977,en
72972,en
14787,en
42246,en
43956,en
199753,en
139374,fr
39408,en
115290,en
207454,en
264999,en
65973,ja
303857,ja
85038,it
58444,it
22182,en
56014,it
15681,it
56339,it
18441,en
336560,en
40039,en
335970,en
120475,ja
60843,ja
83473,en
3602,en
62931,en
336211,hi
348191,en
71392,en
19725,en
40127,th
14021,ja
55470,ja
69599,cn
256040,te
16808,en
212996,cn
294562,en
344147,en
60898,cn
8460,en
10594,en
212168,ja
240341,ja
279254,ja
209049,zh
211711,zh
270842,zh
49321,it
41669,it
41668,it
41665,it
37770,it
41664,it
38315,it
38313,it
38310,it
26285,it
24161,it
220436,en
342917,en
277217,en
192911,en
15657,en
47292,ja
25161,en
39229,ja
39230,ja
25423,en
252520,ja
7092,en
154207,en
25180,en
29055,en
27010,en
29054,en
20435,en
51881,en
278604,en
20183,en
105073,en
13204,en
23280,en
283445,en
52485,en
200580,en
124471,zh
257932,zh
23903,en
135858,en
45940,bn
152042,ja
13430,ja
295830,ja
30575,ja
37100,ja
28460,ja
94052,en
53129,ru
52761,fr
193502,ja
75634,en
115873,hi
42949,en
33787,en
41241,en
58625,en
76940,ja
20044,ja
12448,en
204342,ja
20947,en
347096,en
26847,en
60061,it
17433,ja
284279,no
356216,en
72720,en
150213,ja
50087,ja
345468,en
303903,ja
350499,ja
50506,en
42673,en
287948,en
86868,fr
31359,fr
50126,en
264264,zh
34204,en
51836,en
46169,en
319341,fr
351901,en
60190,it
356149,en
28538,it
340382,ja
212162,ja
152044,ja
19430,de
30921,en
329263,de
20378,en
43551,en
55612,no
40251,fr
182131,ja
10645,en
459,de
457,de
40487,en
38237,en
277967,de
159824,en
204582,en
86040,pt
339530,en
297762,en
302349,en
353616,en
99760,es
338312,hu
156389,en
156388,en
80105,es
93230,sv
32105,en
170759,de
191975,en
158848,en
60193,it
56287,it
353595,en
54297,en
70553,en
44848,en
20381,en
331576,cn
38015,ko
39111,th
32213,ko
10257,cn
33338,zh
73897,cn
11175,en
253451,en
56549,ru
24889,cn
137409,cn
74639,cn
262137,cn
162006,ja
45303,cn
200645,fr
233639,de
3936,en
222832,cn
146301,en
28071,es
292014,ru
2734,en
44296,en
47354,en
13721,en
34942,en
62762,en
135659,en
254201,da
231001,en
60278,cn
17038,en
44037,en
135309,en
335462,zh
45233,en
64931,ko
36693,en
41955,ru
63536,ru
41979,ru
74405,en
75133,en
75134,en
312221,en
4728,fr
11913,fr
4727,fr
10516,fr
75140,en
57991,it
45990,it
75532,it
75142,en
71995,it
62034,it
60175,fr
237672,ml
75143,en
10939,fr
84774,ru
63537,en
63538,en
65591,ru
65594,ru
59803,ru
253192,ru
19493,en
83456,ru
19543,en
44951,en
79722,en
51411,en
48300,zh
66160,en
62071,zh
48943,cn
108794,en
31060,tr
31061,en
32926,en
257343,tr
76084,en
24647,en
292177,en
349158,fr
336884,no
69152,it
213755,de
317953,en
246594,en
71744,en
216983,en
331836,fr
23150,ja
23151,ja
23153,ja
23166,ja
23167,ja
15706,en
103122,it
9048,cn
299579,en
26736,en
30059,en
334376,ja
329833,en
24712,sv
24713,sv
267048,en
359983,en
47647,cn
89645,en
282069,ja
282070,ja
36771,fi
55254,fi
62900,fi
55776,fi
62898,fi
62896,fi
62897,fi
62894,fi
55558,fi
36767,fi
36766,fi
36765,en
58074,it
56068,it
66177,it
26028,en
274167,en
328848,en
361751,en
366630,en
140300,en
154738,en
40800,en
70702,en
40246,en
254736,pt
347201,ja
317442,ja
98440,en
98438,en
98439,en
140054,ja
129745,ja
201386,nl
89145,en
2014-01-01,82.0
35639,nl
111480,fr
27548,en
27621,en
349176,ja
60181,fr
32643,en
159849,en
115547,en
135307,fr
72054,da
89877,da
79516,ja
13274,ja
16907,ja
193439,en
55873,en
46695,en
84951,de
47360,en
47363,en
28920,en
56589,fr
323675,en
366924,en
157293,hi
333658,en
137533,en
68555,ja
77294,ru
18874,ja
62738,en
378385,en
263341,en
267860,en
361263,en
24569,en
17276,en
24571,en
19297,en
19252,en
24654,en
366249,fi
24570,en
20731,hi
19293,en
365222,cn
182219,fr
382155,pl
74919,pl
127329,cn
27598,sv
41472,ja
61320,cs
61313,en
11946,sv
20294,hi
15974,hi
14546,hi
262227,te
44425,hi
44978,hi
49028,hi
158519,hi
2764,nl
382517,en
46780,en
9084,de
285803,hi
348537,es
14962,en
26743,en
33371,en
19812,da
193460,en
186775,en
361131,hi
76784,en
33407,no
363844,en
367596,de
26329,en
165432,bn
382581,en
216016,en
186268,en
166904,en
3938,en
136585,en
207680,en
42606,en
75745,en
347689,en
63065,de
302688,en
33419,en
85231,en
376716,ru
379291,en
182950,en
357096,en
193459,en
85232,en
185289,en
184328,en
185273,en
187516,en
156603,en
180819,en
252916,en
115706,en
192371,en
116160,en
107966,en
174195,en
116190,en
70313,en
144852,en
193435,en
178569,en
177234,en
230182,en
109907,hi
282346,hi
116312,es
290595,en
325133,en
29487,en
29490,en
29829,en
52854,zh
56078,en
23154,ja
212156,ja
3941,en
1652,de
9657,de
9252,de
9379,de
60964,ja
47747,ja
363354,ja
89458,ja
50025,en
326423,en
127380,en
137400,zh
15088,en
40080,en
4457,en
76081,en
23767,ta
113332,it
34194,en
343972,en
21769,ja
125513,ja
28697,ja
125521,ja
82386,ja
125510,ja
41365,ja
35105,ja
14829,en
34935,ja
25843,ja
87636,en
134053,ja
155017,ja
160399,ja
71449,ja
71444,ja
31472,en
30,ja
336026,ja
5066,en
383121,en
116185,ta
62756,ta
35752,ja
258509,en
300665,en
295273,zh
33604,sr
58007,it
78375,en
75897,de
241259,en
317121,en
381615,en
374739,en
81976,en
122293,en
302508,en
291805,en
78492,ja
339526,en
363607,sv
11392,da
11390,da
31264,it
45783,da
16884,da
57313,en
308531,en
32790,en
34598,en
37237,en
33108,en
259693,en
30656,en
391757,en
43074,en
52947,en
353610,en
370687,en
138705,fi
150208,fi
61123,fi
80256,fi
206789,bn
400605,en
324668,en
172817,hi
263945,en
40741,ja
316727,en
278154,en
388191,en
328716,ko
369776,fr
12529,it
259634,it
46572,de
33201,en
58430,en
46784,en
46781,en
154441,pt
28406,en
40585,fr
42498,bn
79106,en
108432,en
18560,en
24057,en
183073,it
48995,sv
390734,ja
334304,fr
54107,en
390989,en
21452,ja
28808,ja
141267,sv
138115,en
138118,en
136071,sv
133879,sv
24024,en
24025,sv
229007,sv
389614,sv
231811,sv
168056,sv
168057,sv
231812,sv
248781,en
310602,da
278924,en
407375,en
20583,en
30975,en
49857,en
21636,en
25182,en
81450,en
87311,en
348668,da
26945,ja
95610,en
382399,en
347126,en
391779,hi
384641,ko
64961,it
44749,hi
38289,it
228432,sv
34527,sv
357786,ja
55426,es
55431,en
55430,en
55435,en
55437,en
55438,en
402331,en
412519,en
36161,ru
164990,bn
16257,ja
36163,ru
50717,en
44173,en
171346,en
20413,hi
22240,fr
22623,en
36162,ru
58051,hi
411802,en
188489,en
152625,ml
87788,en
410537,en
36046,en
14631,en
32523,en
401650,en
18825,en
406052,en
250388,en
395925,en
10841,en
77946,en
351211,en
308529,en
25114,ja
39123,ja
35701,en
27370,en
62852,ja
21481,en
404461,en
58443,en
389396,en
20949,ru
355730,en
361261,en
338485,en
392629,en
37609,en
325189,en
379992,en
32293,en
178682,en
407171,en
308686,en
64183,en
21780,en
231617,en
414762,en
63710,en
371181,en
25778,en
18182,en
25786,en
281506,en
37453,en
34075,en
407655,en
89825,ja
262848,en
413441,en
207932,en
335796,en
82406,ko
72857,ko
300424,en
67390,en
28425,en
402543,en
414767,en
330161,en
348631,en
343611,en
50699,en
59762,en
16143,fr
338964,en
337550,en
361758,ja
363611,ja
376538,ja
376543,ja
376548,ja
376553,ja
83865,ru
250895,ru
370545,ru
33065,ru
33534,ru
77304,ru
279229,de
64428,en
396330,en
86821,en
330459,en
346672,en
287281,en
37708,en
31245,en
297298,tr
371153,tr
140485,tr
21752,pt
180371,pt
154922,ru
314946,ru
52939,ru
98596,es
207323,da
255746,da
53693,da
20679,en
403052,en
18223,en
362058,ru
67343,cn
47971,en
324849,en
26461,en
401544,en
374205,ja
400045,en
60821,en
61005,en
14564,en
28670,en
270047,sv
362584,ja
82088,uk
362585,ja
227932,pt
414937,en
324552,en
263115,en
180863,en
34163,en
38499,en
173897,en
374251,en
341174,en
51322,cn
426580,en
417503,no
417004,en
79909,ja
129237,ja
24140,de
99099,ja
109080,ja
114370,ja
114372,ja
114371,ja
105231,ja
50253,ja
83090,ja
83091,ja
66105,ja
83088,ja
376599,en
59060,en
40748,en
40120,en
17695,en
410988,en
309028,ja
29801,en
294161,pt
278475,tr
366499,es
11795,en
391975,en
126889,en
2459,fr
347413,ja
34311,en
18051,en
27076,en
20004,en
211798,en
19002,en
27296,en
19766,en
15212,en
9711,en
20760,en
14611,en
18500,en
26452,en
14681,en
17028,en
25833,en
359413,fr
295049,en
64266,ru
56372,ru
137116,en
213927,en
65310,en
408647,en
40983,en
417830,en
337339,en
141102,en
41663,it
39371,it
25606,it
260514,en
400136,ja
348893,en
445993,en
31051,ja
18334,ja
152100,it
41289,en
30655,en
57837,en
34506,en
70086,en
25160,en
30649,en
34512,en
401689,en
61708,en
426264,en
37963,th
64468,tr
48763,tr
38614,en
40761,en
430413,ru
57889,ru
402223,ru
68163,en
413391,en
350312,te
366143,en
27046,ru
62737,ru
19625,hi
203835,en
164377,en
67308,cn
20648,en
447113,en
360404,en
212470,en
413736,en
324963,en
227257,en
290727,en
166747,en
260234,en
167666,en
167313,en
134632,en
99247,ru
238869,ru
9990,en
252034,ru
38332,ru
49574,ru
50332,en
70172,en
32888,en
20473,en
45249,en
26264,en
19580,en
24791,en
111913,en
56525,ru
59529,ru
248223,ru
39346,en
37851,ru
36699,en
62732,ru
47812,ru
37656,ru
16269,cn
425961,pl
18575,pl
24769,pl
324852,en
72203,en
77759,ru
77762,ru
20883,ru
137801,ru
294682,ja
17101,ja
41957,ru
29361,ru
57779,ru
61139,ru
20884,ru
53086,ru
62731,ru
195065,ru
69097,ru
43241,en
452142,en
281338,en
15449,fr
154727,ja
60800,en
70133,en
24230,en
44268,it
198951,ru
37769,it
36888,de
86190,en
2791,en
13981,ja
77051,en
327982,ru
129830,ru
72811,ru
451644,en
43464,en
154501,ja
336890,en
10260,fr
56544,en
150010,en
26539,en
10991,ja
24794,en
20755,en
13683,en
12600,ja
34065,ja
335988,en
51273,ru
314952,ru
159447,ru
313556,ru
179690,ru
248747,ru
60189,ru
332788,tr
37991,it
86337,en
381519,ja
74384,it
64043,it
71133,it
57996,it
63179,it
64202,en
2331,en
422842,en
101538,en
417489,fr
79701,ru
14247,en
70061,ru
54551,en
375798,fr
461053,en
68637,fr
70609,de
36886,de
36887,de
36885,de
12097,sv
417320,en
78359,pl
152912,pl
248705,fr
3104,en
24568,en
19307,en
21251,en
460135,en
182030,zh
